姓名,手机号,身份证号,邮箱,地址
赵伟强,15339670711,320106197611249935,user0@test6.com,武汉市某区某路33号
张娜静,15642621108,330102197109079928,user1@test27.com,深圳市某区某路460号
罗强伟,15849621470,510107199105054527,user2@test49.com,杭州市某区某路105号
王艳秀,18469319644,330102198601248527,user3@test35.com,上海市某区某路997号
朱娜超,18990566476,330102199310072139,user4@test3.com,深圳市某区某路792号
吴娜丽,13508157429,440305199911276977,user5@test11.com,杭州市某区某路364号
杨强霞,13754049436,320106200412083677,user6@test30.com,武汉市某区某路277号
高丽洋,13345938494,110101199007092084,user7@test14.com,杭州市某区某路218号
郭艳霞,19253407200,440305197804249830,user8@test17.com,武汉市某区某路920号
罗艳勇,15248532577,330102200102251771,user9@test8.com,广州市某区某路643号
刘杰兰,13513140753,510107199909091188,user10@test44.com,上海市某区某路699号
高强霞,18219778234,440305199703151053,user11@test47.com,成都市某区某路996号
何敏明,13771410971,440305200210073504,user12@test24.com,广州市某区某路553号
何伟兰,18624636385,110101197706276038,user13@test16.com,北京市某区某路247号
罗娜娜,19976198296,110101200403058787,user14@test36.com,广州市某区某路272号
何兰杰,15679064766,320106198907227118,user15@test29.com,南京市某区某路124号
黄丽娜,18122585366,330102200504194608,user16@test1.com,上海市某区某路725号
李丽娜,13454794895,110101200204098953,user17@test14.com,广州市某区某路741号
罗秀涛,15942478695,510107199604042588,user18@test43.com,武汉市某区某路363号
胡杰娟,13823019672,110101197307246559,user19@test7.com,深圳市某区某路197号
杨超娟,15552991960,320106198708082235,user20@test29.com,上海市某区某路52号
高伟娜,15278575192,510107200108077570,user21@test4.com,广州市某区某路389号
张艳强,19406284028,510107200511238973,user22@test10.com,深圳市某区某路304号
杨芳秀,13903132646,440305197301198811,user23@test33.com,广州市某区某路59号
何娜敏,13738914080,110101198507045033,user24@test38.com,北京市某区某路635号
王杰秀,18379995032,320106199004097484,user25@test9.com,成都市某区某路469号
孙娜伟,19766964667,330102197602184492,user26@test33.com,成都市某区某路136号
马娜丽,18406002884,320106199809235956,user27@test40.com,北京市某区某路684号
高磊秀,15383968123,110101197612183546,user28@test18.com,成都市某区某路620号
杨洋静,18642678844,510107198601037939,user29@test18.com,北京市某区某路4号
孙英霞,18273497327,510107200512141158,user30@test8.com,上海市某区某路968号
陈超芳,18725464884,330102197907051685,user31@test20.com,杭州市某区某路921号
李勇静,15816114302,110101199209287658,user32@test40.com,广州市某区某路948号
黄敏敏,19126614158,320106199107265065,user33@test18.com,广州市某区某路807号
赵艳芳,19338836384,320106199906104728,user34@test15.com,北京市某区某路676号
杨艳洋,18174539964,440305199211177548,user35@test44.com,杭州市某区某路962号
张秀强,15723403479,440305197202208119,user36@test23.com,杭州市某区某路447号
何秀艳,15373506211,110101199701179821,user37@test44.com,深圳市某区某路373号
胡娜洋,18812306873,110101198909107691,user38@test21.com,武汉市某区某路714号
吴超英,15551450815,510107198110195930,user39@test26.com,北京市某区某路312号
吴静杰,18599277266,510107199811079375,user40@test31.com,广州市某区某路675号
王磊明,18200273738,320106198904264262,user41@test10.com,北京市某区某路48号
黄涛兰,13588999385,510107198212237291,user42@test32.com,武汉市某区某路250号
陈霞伟,13935822550,510107198403269486,user43@test30.com,北京市某区某路571号
黄秀娟,15960514523,510107200309206198,user44@test49.com,南京市某区某路628号
何杰超,19270894498,510107199805255050,user45@test41.com,成都市某区某路785号
何涛霞,15394846763,510107197412104841,user46@test18.com,杭州市某区某路328号
高娜英,15348315126,510107197912072052,user47@test27.com,武汉市某区某路339号
高娟杰,13322086735,510107199410231320,user48@test49.com,武汉市某区某路489号
张勇磊,19997356828,510107200412249947,user49@test39.com,深圳市某区某路500号
黄强杰,19131165166,510107199111227624,user50@test47.com,广州市某区某路861号
林英兰,13523076025,330102197102218022,user51@test9.com,南京市某区某路187号
李强艳,18327268503,510107199006257211,user52@test18.com,武汉市某区某路259号
王涛伟,13475767056,320106197411021508,user53@test16.com,深圳市某区某路860号
张兰英,15235528741,510107197710078619,user54@test45.com,成都市某区某路786号
马敏兰,13935147672,320106198902191420,user55@test20.com,武汉市某区某路407号
杨娜秀,15209415691,440305197710261672,user56@test23.com,武汉市某区某路678号
马娜明,18113585139,510107200102146934,user57@test41.com,南京市某区某路725号
陈杰敏,18761330848,330102200008145397,user58@test21.com,深圳市某区某路851号
王强娟,15905817775,510107199406019098,user59@test21.com,广州市某区某路500号
杨勇强,18400281010,330102198709019464,user60@test13.com,上海市某区某路248号
胡涛超,15841536135,510107200108261282,user61@test6.com,成都市某区某路227号
朱丽磊,18608159580,330102200306146419,user62@test23.com,南京市某区某路278号
吴强丽,13874473159,320106199002249779,user63@test49.com,广州市某区某路197号
杨涛强,18207939087,320106198804123939,user64@test20.com,北京市某区某路726号
高英强,13158546865,330102198812059042,user65@test7.com,北京市某区某路588号
吴涛涛,19465830215,320106197305288827,user66@test8.com,上海市某区某路411号
郭娜秀,13262915636,320106198902082940,user67@test36.com,武汉市某区某路621号
黄明艳,19575368059,440305199705191986,user68@test40.com,上海市某区某路971号
杨霞静,18809129316,110101198004062229,user69@test11.com,北京市某区某路419号
林兰涛,18135046782,320106198812108438,user70@test5.com,深圳市某区某路947号
周霞秀,15556489494,110101200404213441,user71@test18.com,广州市某区某路74号
李敏磊,18571537429,110101199912107594,user72@test18.com,南京市某区某路449号
王兰芳,19888699799,440305198601034750,user73@test44.com,北京市某区某路784号
周秀芳,15605196410,330102199805068141,user74@test41.com,南京市某区某路993号
王涛勇,19457887167,440305197603117744,user75@test45.com,南京市某区某路296号
朱超芳,19194553481,440305198606047622,user76@test33.com,北京市某区某路674号
高娟杰,13301415220,330102199310259167,user77@test41.com,南京市某区某路779号
李静强,15409268943,510107200102014920,user78@test46.com,广州市某区某路319号
高伟超,19200082623,320106197708043522,user79@test32.com,成都市某区某路522号
周杰涛,19361704064,510107200503134122,user80@test39.com,广州市某区某路885号
王强杰,18945805127,330102198701105891,user81@test38.com,南京市某区某路887号
陈娟超,19470574014,440305200509138460,user82@test21.com,深圳市某区某路715号
黄秀艳,15932734539,510107197206248749,user83@test46.com,武汉市某区某路396号
陈涛芳,15639331014,330102199102288213,user84@test7.com,南京市某区某路16号
陈杰霞,15180346223,510107198606207512,user85@test42.com,上海市某区某路873号
孙超艳,18773020489,510107200401202121,user86@test16.com,成都市某区某路233号
王杰秀,13576396216,320106198901026314,user87@test4.com,成都市某区某路368号
马杰英,15670335494,510107198103062293,user88@test40.com,武汉市某区某路635号
黄涛秀,15349310440,510107198608091153,user89@test30.com,成都市某区某路694号
高敏娜,19471048258,330102198911145097,user90@test30.com,成都市某区某路204号
朱涛秀,15509486794,330102199210105837,user91@test2.com,武汉市某区某路282号
张秀芳,19994253959,440305198410266772,user92@test15.com,深圳市某区某路636号
周英霞,13773728014,110101198908026977,user93@test47.com,广州市某区某路93号
吴洋杰,15315601773,320106200406179221,user94@test18.com,广州市某区某路264号
郭磊洋,13602866993,110101197904287511,user95@test36.com,杭州市某区某路93号
朱伟强,13588322781,440305198610137086,user96@test7.com,深圳市某区某路483号
张兰超,18755070775,320106197411278606,user97@test45.com,成都市某区某路665号
胡秀英,13139956218,440305200102044846,user98@test35.com,广州市某区某路398号
林勇超,19730651895,320106199611049017,user99@test40.com,武汉市某区某路962号
周芳勇,15576078963,510107198506047018,user100@test35.com,杭州市某区某路63号
朱强静,13984968439,510107197511071349,user101@test4.com,杭州市某区某路250号
陈秀静,13991010113,330102198310074817,user102@test22.com,广州市某区某路808号
张强英,15680051935,440305198102221422,user103@test9.com,北京市某区某路367号
黄秀洋,13287095435,440305197303247897,user104@test34.com,上海市某区某路764号
王涛娟,18651085057,330102197608174629,user105@test40.com,北京市某区某路745号
何磊娟,13165310776,510107199507222768,user106@test32.com,南京市某区某路76号
王洋兰,15170525764,320106198710219984,user107@test46.com,杭州市某区某路391号
何磊娟,19206492059,110101200512284522,user108@test28.com,南京市某区某路910号
黄杰洋,19528133274,510107197606146120,user109@test43.com,成都市某区某路384号
陈涛娜,13993108266,110101197507047105,user110@test9.com,北京市某区某路601号
高超洋,13541102414,440305199712025712,user111@test39.com,成都市某区某路361号
赵秀明,15266140258,510107198402127022,user112@test8.com,成都市某区某路588号
黄杰超,13753903309,440305197103096062,user113@test22.com,杭州市某区某路7号
刘英秀,19174716780,320106197102249691,user114@test14.com,武汉市某区某路430号
林洋敏,18434618074,440305197501053579,user115@test49.com,北京市某区某路691号
王强娟,19621475287,330102199807094531,user116@test49.com,上海市某区某路354号
胡秀磊,19665791188,440305197204131897,user117@test1.com,深圳市某区某路309号
杨英强,18452318696,110101197008248055,user118@test12.com,广州市某区某路390号
高丽明,18177390472,510107197207018532,user119@test5.com,杭州市某区某路590号
胡秀艳,19410864588,110101199501113815,user120@test40.com,南京市某区某路852号
马娜杰,13361259074,510107199509037484,user121@test20.com,杭州市某区某路227号
孙敏娜,13669732591,330102198206123419,user122@test16.com,上海市某区某路150号
周静敏,15916274954,110101198111168601,user123@test49.com,南京市某区某路698号
罗霞霞,18773469560,440305197908038682,user124@test29.com,成都市某区某路816号
周秀芳,18644748834,110101198908151616,user125@test4.com,杭州市某区某路852号
吴娜霞,13760360225,330102200207151672,user126@test29.com,深圳市某区某路330号
郭明英,13583745511,110101199112039266,user127@test42.com,广州市某区某路41号
黄娟娟,15490732457,440305198807146543,user128@test44.com,北京市某区某路809号
孙娜洋,13699108439,510107198805243463,user129@test22.com,上海市某区某路597号
陈勇磊,19238460786,330102197505187171,user130@test42.com,杭州市某区某路833号
陈明娜,19645985356,440305197106103953,user131@test14.com,杭州市某区某路971号
郭静丽,15266371119,110101198802179843,user132@test48.com,北京市某区某路678号
孙兰英,19265627642,320106198112253712,user133@test47.com,南京市某区某路45号
胡勇丽,19755621841,440305199804184918,user134@test20.com,南京市某区某路926号
杨勇秀,19595725097,440305199409177859,user135@test11.com,深圳市某区某路821号
陈强芳,19498585961,330102197612289452,user136@test8.com,成都市某区某路86号
刘强娟,15992329618,510107197504278391,user137@test23.com,北京市某区某路425号
李艳明,18353164777,510107197506081461,user138@test21.com,上海市某区某路860号
孙英英,13408034406,510107197812168349,user139@test40.com,北京市某区某路928号
王伟强,15996534803,320106200512209647,user140@test28.com,上海市某区某路795号
吴丽磊,13151270577,320106199611268489,user141@test5.com,上海市某区某路857号
郭兰超,13778556450,330102198512055772,user142@test28.com,北京市某区某路630号
马丽秀,19301126777,110101200306039618,user143@test35.com,北京市某区某路400号
郭芳霞,19500830389,440305197106262106,user144@test23.com,深圳市某区某路751号
赵秀洋,15147605080,440305200406273868,user145@test50.com,南京市某区某路713号
郭霞敏,15167753684,510107197205071717,user146@test13.com,北京市某区某路324号
吴明艳,19371993587,110101198205121783,user147@test42.com,杭州市某区某路280号
赵勇杰,19898120571,510107199406069129,user148@test45.com,南京市某区某路377号
何强娜,19184747224,510107198109106262,user149@test7.com,上海市某区某路336号
吴磊娟,19278933456,510107199208026776,user150@test40.com,武汉市某区某路282号
李娜霞,19490102359,330102198001058179,user151@test3.com,广州市某区某路69号
黄霞勇,18511086777,330102197210058371,user152@test24.com,杭州市某区某路455号
王秀英,18527385805,440305198704041424,user153@test48.com,广州市某区某路512号
何艳超,13381080560,440305199804205678,user154@test45.com,南京市某区某路205号
赵英娜,19285388355,510107197511286236,user155@test43.com,杭州市某区某路727号
王超超,18422076028,320106198106174673,user156@test8.com,深圳市某区某路812号
陈丽涛,13487509692,330102199308263126,user157@test40.com,上海市某区某路68号
吴艳涛,19925884151,510107197403112215,user158@test29.com,南京市某区某路697号
何勇英,15924399252,320106199709281907,user159@test8.com,广州市某区某路312号
刘敏洋,15471539452,330102198802094216,user160@test41.com,成都市某区某路129号
吴兰超,13639633807,320106197903226531,user161@test37.com,北京市某区某路846号
张娜芳,18799145494,320106199610211496,user162@test32.com,成都市某区某路658号
吴涛丽,19419367188,510107197412023589,user163@test29.com,武汉市某区某路496号
林静洋,15435632899,440305199207057070,user164@test33.com,上海市某区某路327号
黄娟秀,18582750043,320106197902025754,user165@test25.com,武汉市某区某路255号
刘洋秀,18303832812,320106200109159171,user166@test20.com,南京市某区某路24号
王艳明,19358480413,320106199201025609,user167@test32.com,南京市某区某路293号
高伟秀,19243811545,440305199307121741,user168@test26.com,北京市某区某路584号
高静勇,18178954113,510107200208255582,user169@test40.com,上海市某区某路132号
赵艳勇,18698967370,440305197904209341,user170@test26.com,北京市某区某路47号
李英洋,19657629251,510107197910173290,user171@test21.com,杭州市某区某路167号
朱兰磊,18644725317,330102200408235911,user172@test31.com,北京市某区某路378号
孙秀杰,18955508961,110101200005214728,user173@test47.com,北京市某区某路598号
郭敏明,19258672959,320106197210232800,user174@test13.com,北京市某区某路452号
孙杰英,19841419015,320106199609258726,user175@test48.com,北京市某区某路723号
陈明静,18811060614,510107200307113837,user176@test30.com,杭州市某区某路560号
马霞强,19306442077,320106198709104684,user177@test20.com,成都市某区某路722号
杨涛洋,19474524558,330102198705049899,user178@test25.com,武汉市某区某路839号
马英磊,13408840720,110101199208215201,user179@test48.com,南京市某区某路220号
杨超强,18247395716,110101198504029700,user180@test15.com,深圳市某区某路54号
赵杰洋,19207959268,320106197009067666,user181@test42.com,南京市某区某路489号
杨磊洋,18793527609,110101197511194804,user182@test35.com,北京市某区某路936号
刘杰敏,13997866344,510107200103245742,user183@test3.com,北京市某区某路306号
罗兰秀,18405545745,510107200409163198,user184@test33.com,南京市某区某路280号
杨秀洋,15885033297,510107198612061230,user185@test48.com,杭州市某区某路810号
吴秀静,15756007396,510107199709112421,user186@test26.com,上海市某区某路190号
陈涛洋,15107333788,440305199404155374,user187@test22.com,成都市某区某路597号
罗伟强,18843854609,320106197311048625,user188@test20.com,广州市某区某路416号
何磊秀,18494647257,330102198404058834,user189@test10.com,南京市某区某路766号
马杰超,19913198930,330102198304222341,user190@test34.com,南京市某区某路541号
马娜秀,13166312199,330102200204199792,user191@test10.com,广州市某区某路336号
何娟秀,15869784803,330102200102178298,user192@test4.com,南京市某区某路136号
何杰娟,13700003920,510107198912017487,user193@test17.com,北京市某区某路764号
杨秀娜,13554941605,440305197409022130,user194@test31.com,北京市某区某路294号
胡敏英,19502074351,510107199807132314,user195@test44.com,广州市某区某路670号
马秀敏,19667840357,320106198401251372,user196@test20.com,南京市某区某路690号
高杰超,19984076542,320106198508123541,user197@test18.com,深圳市某区某路960号
赵芳杰,13358413465,320106197402201550,user198@test29.com,北京市某区某路251号
李艳娟,15679562681,320106197303175739,user199@test15.com,杭州市某区某路592号
孙丽磊,15808897689,330102198407105508,user200@test4.com,广州市某区某路642号
胡超涛,13469812603,510107200306237821,user201@test27.com,广州市某区某路308号
朱敏超,19358737619,320106198912058586,user202@test4.com,武汉市某区某路992号
胡超明,15517061783,320106198604112295,user203@test29.com,杭州市某区某路95号
高静芳,18504981031,330102197202074555,user204@test31.com,深圳市某区某路891号
孙磊伟,15304036387,110101200004234350,user205@test26.com,深圳市某区某路566号
孙磊艳,19673002461,440305198905129401,user206@test32.com,南京市某区某路101号
郭洋静,18435997460,510107197210284625,user207@test48.com,广州市某区某路17号
周超秀,19416960306,320106198206087223,user208@test37.com,深圳市某区某路512号
高霞洋,18919652226,510107200108066770,user209@test11.com,广州市某区某路738号
高涛敏,13662581035,110101197411021104,user210@test27.com,广州市某区某路863号
黄娜英,13334848459,330102199906028916,user211@test43.com,南京市某区某路17号
张超超,19112724887,110101200312099777,user212@test19.com,北京市某区某路515号
胡敏秀,13663054538,320106198504209625,user213@test17.com,杭州市某区某路274号
朱娜勇,19592845076,330102198512085914,user214@test44.com,上海市某区某路670号
李娜艳,19504982743,330102200001211154,user215@test45.com,广州市某区某路85号
郭杰霞,18707583925,110101200301084463,user216@test45.com,南京市某区某路278号
李娜强,13292580427,440305197104193362,user217@test49.com,武汉市某区某路952号
王磊敏,15708485104,510107200406133292,user218@test45.com,上海市某区某路513号
马芳秀,19349262723,110101199110257499,user219@test50.com,杭州市某区某路31号
周娟涛,15482049366,330102199407067227,user220@test6.com,成都市某区某路818号
黄娜娜,18265593497,510107197912136188,user221@test24.com,上海市某区某路94号
张磊娟,18917489574,440305197603034070,user222@test28.com,南京市某区某路571号
高明杰,13128198506,110101199209036315,user223@test25.com,北京市某区某路299号
胡艳娜,15714137833,330102198011133777,user224@test9.com,成都市某区某路309号
周涛英,13279537578,510107198707108933,user225@test5.com,杭州市某区某路258号
黄霞涛,15591625191,110101197805017483,user226@test22.com,武汉市某区某路824号
孙娟洋,19975610118,330102197805114290,user227@test31.com,杭州市某区某路182号
朱洋磊,19718345671,320106199007097437,user228@test24.com,上海市某区某路955号
罗静秀,15831983367,330102197112154434,user229@test29.com,成都市某区某路852号
王杰涛,15780039397,440305198505223525,user230@test46.com,武汉市某区某路809号
朱娜娟,19725179752,510107200409287853,user231@test35.com,北京市某区某路810号
马超兰,13217434526,320106199203211725,user232@test37.com,武汉市某区某路991号
孙杰秀,13205877984,440305198409249499,user233@test36.com,深圳市某区某路457号
马艳娟,15470405910,110101200002107815,user234@test6.com,上海市某区某路852号
陈勇磊,18588909690,320106200308128801,user235@test7.com,南京市某区某路740号
林洋娜,18147978060,110101197106212791,user236@test44.com,广州市某区某路953号
黄明敏,15455397438,330102199708087636,user237@test41.com,广州市某区某路191号
胡艳伟,15582727494,330102199707014519,user238@test14.com,成都市某区某路771号
王秀秀,15492767278,440305198208045298,user239@test43.com,南京市某区某路541号
孙兰艳,19730291513,110101199206288501,user240@test40.com,广州市某区某路834号
吴兰秀,13821672704,320106199002086003,user241@test8.com,广州市某区某路383号
陈明艳,19740407346,320106199407068973,user242@test41.com,广州市某区某路569号
刘涛磊,15300895568,440305199810026882,user243@test1.com,南京市某区某路140号
杨艳超,19539304662,510107199612278272,user244@test32.com,广州市某区某路85号
罗伟丽,18135106082,440305198409103755,user245@test50.com,南京市某区某路580号
郭超明,13714947037,110101198709277010,user246@test35.com,北京市某区某路779号
林超静,19209968815,320106198901155305,user247@test23.com,上海市某区某路450号
赵丽静,18863166250,330102199703203281,user248@test14.com,深圳市某区某路825号
李秀勇,18740871060,330102198006235794,user249@test19.com,成都市某区某路976号
何秀英,19163657733,440305197812283174,user250@test16.com,广州市某区某路729号
孙丽艳,19252655630,330102198711147146,user251@test29.com,上海市某区某路649号
王艳明,18845932321,440305199908111040,user252@test50.com,上海市某区某路749号
林霞勇,13954352670,330102199504144470,user253@test32.com,成都市某区某路331号
吴洋超,15707890457,510107199111251793,user254@test3.com,上海市某区某路642号
林伟秀,15573827182,510107197007073161,user255@test42.com,成都市某区某路163号
周娜霞,18368853440,110101199311213711,user256@test4.com,武汉市某区某路641号
吴丽杰,13855590022,110101197004162276,user257@test9.com,深圳市某区某路532号
林伟伟,18977364141,110101199712058826,user258@test5.com,深圳市某区某路393号
王秀秀,18494666352,440305197807253181,user259@test42.com,广州市某区某路71号
何秀伟,15572553155,440305198311243480,user260@test27.com,南京市某区某路881号
杨娜秀,15907932366,110101199406146152,user261@test9.com,深圳市某区某路284号
王丽超,18936412291,110101198904179348,user262@test13.com,武汉市某区某路303号
李丽涛,19221057584,320106200111202163,user263@test34.com,北京市某区某路370号
孙英艳,19492358645,330102198108252195,user264@test2.com,上海市某区某路15号
周静芳,13947493681,510107200205219209,user265@test50.com,武汉市某区某路434号
朱娜霞,15397928718,110101198902174329,user266@test10.com,杭州市某区某路401号
罗霞霞,13433041955,510107198501082412,user267@test28.com,上海市某区某路465号
李磊敏,13113598909,320106197003166680,user268@test34.com,成都市某区某路171号
马英强,13928316966,110101199107099582,user269@test5.com,成都市某区某路730号
罗霞娜,19588764892,330102199301163734,user270@test24.com,广州市某区某路262号
赵秀秀,15895406424,330102197001281201,user271@test16.com,北京市某区某路484号
马艳英,15137971349,330102199604115067,user272@test27.com,杭州市某区某路278号
王秀勇,13639062353,110101198104269450,user273@test3.com,武汉市某区某路71号
林磊磊,18192755745,330102199901124287,user274@test19.com,成都市某区某路758号
黄娟勇,19929587172,320106200404051104,user275@test27.com,北京市某区某路239号
高勇霞,13459722166,110101199412246038,user276@test7.com,深圳市某区某路543号
黄杰涛,13252872361,440305197501089515,user277@test27.com,杭州市某区某路470号
王秀秀,15784205125,510107197410192020,user278@test28.com,广州市某区某路243号
吴强洋,19852398388,440305199008094827,user279@test5.com,深圳市某区某路140号
罗秀英,13276496293,510107199906142978,user280@test35.com,杭州市某区某路988号
杨娟磊,19384550090,110101197503265984,user281@test46.com,北京市某区某路221号
孙英娜,15481975879,510107200201225896,user282@test17.com,广州市某区某路32号
朱娟超,15201710492,510107197603041195,user283@test4.com,深圳市某区某路134号
杨艳勇,13725265416,330102198602012056,user284@test13.com,南京市某区某路829号
陈娜洋,13145844821,510107197303198096,user285@test47.com,武汉市某区某路509号
张艳杰,15480043678,320106198105098307,user286@test10.com,北京市某区某路629号
黄霞磊,19542373256,330102200001035583,user287@test25.com,广州市某区某路430号
杨霞明,15777267364,330102197107266883,user288@test31.com,南京市某区某路353号
罗明洋,19390378111,320106197106204588,user289@test2.com,成都市某区某路60号
郭明勇,15271395839,110101198511085366,user290@test35.com,北京市某区某路783号
黄秀艳,18286521875,320106198510116878,user291@test38.com,北京市某区某路721号
马秀秀,15704633564,320106200109103876,user292@test32.com,北京市某区某路93号
李丽兰,15121397518,330102200001114300,user293@test9.com,杭州市某区某路735号
刘洋芳,13258604568,330102197902289622,user294@test24.com,上海市某区某路383号
朱秀秀,18424017866,440305197803248157,user295@test41.com,南京市某区某路665号
孙敏超,18339699130,330102198107105825,user296@test9.com,广州市某区某路747号
张秀艳,13295508799,330102199010082705,user297@test32.com,广州市某区某路340号
王丽勇,18280267742,110101199108015345,user298@test14.com,深圳市某区某路710号
王勇强,13873538202,110101197307157875,user299@test11.com,武汉市某区某路505号
朱勇超,19208908082,510107198403152207,user300@test3.com,成都市某区某路21号
孙强秀,13467013765,320106199403242228,user301@test36.com,上海市某区某路347号
郭伟杰,15752102334,510107198001046424,user302@test14.com,深圳市某区某路420号
高超强,18419331516,320106197601139043,user303@test10.com,北京市某区某路370号
张杰娜,18984652998,330102200004041421,user304@test14.com,广州市某区某路654号
吴娜涛,13431091936,510107200008225341,user305@test6.com,武汉市某区某路190号
马艳勇,15578647558,110101198608155315,user306@test15.com,成都市某区某路578号
李英秀,13817411121,440305200407254727,user307@test36.com,北京市某区某路861号
朱明杰,19714947283,320106200005037468,user308@test46.com,北京市某区某路515号
罗明秀,15229151674,510107198103074157,user309@test9.com,北京市某区某路434号
王杰静,15995616775,330102198606242097,user310@test6.com,武汉市某区某路570号
朱超洋,18658010933,510107197012209561,user311@test27.com,上海市某区某路425号
陈英秀,13213424523,330102197605289775,user312@test23.com,武汉市某区某路271号
朱霞涛,19140228456,320106198707057581,user313@test3.com,武汉市某区某路911号
孙丽芳,19388390253,440305197106275965,user314@test20.com,成都市某区某路864号
郭秀丽,15422638422,510107199005247828,user315@test39.com,上海市某区某路193号
林静杰,19915499713,330102199301173604,user316@test5.com,成都市某区某路727号
何艳英,13286549068,320106198201081541,user317@test30.com,北京市某区某路941号
马静强,18984233149,510107200207213029,user318@test44.com,北京市某区某路248号
马涛兰,19290679038,510107200506123679,user319@test17.com,上海市某区某路292号
张艳芳,15714457408,320106198411084387,user320@test18.com,武汉市某区某路526号
张伟涛,15795109916,320106197004096004,user321@test46.com,成都市某区某路434号
朱勇娟,18334300190,510107198911177506,user322@test38.com,上海市某区某路8号
何勇超,18420486085,110101200002115529,user323@test41.com,杭州市某区某路883号
周强霞,18302250101,320106200304027620,user324@test43.com,杭州市某区某路698号
陈伟霞,19417403063,440305199607131578,user325@test38.com,深圳市某区某路352号
黄超霞,19821413281,440305200205283785,user326@test43.com,广州市某区某路301号
赵涛英,18878663220,330102198111112463,user327@test15.com,杭州市某区某路229号
吴杰洋,18379773344,330102198808282929,user328@test31.com,北京市某区某路888号
罗秀兰,13607042021,320106200202287253,user329@test34.com,成都市某区某路424号
李英英,15467938988,510107199903113954,user330@test50.com,上海市某区某路500号
孙霞敏,18781288086,110101197008094430,user331@test49.com,广州市某区某路591号
刘涛娜,15759792599,510107199707148821,user332@test25.com,北京市某区某路39号
高静勇,13445973716,330102198201221067,user333@test41.com,深圳市某区某路232号
马磊英,13511834185,330102198903031749,user334@test20.com,成都市某区某路467号
何兰明,18565644493,320106199108124087,user335@test11.com,武汉市某区某路20号
黄丽英,15888208775,110101200203047006,user336@test46.com,北京市某区某路385号
周超兰,13737721108,110101197611271323,user337@test4.com,上海市某区某路427号
林艳秀,18609379184,320106198312221152,user338@test20.com,武汉市某区某路678号
赵明强,15549710722,110101200212202928,user339@test19.com,上海市某区某路804号
赵涛静,15935327024,440305200304127713,user340@test19.com,广州市某区某路41号
高涛静,19454982932,320106197001222458,user341@test8.com,南京市某区某路153号
王明娜,13374762050,320106199905098606,user342@test4.com,上海市某区某路833号
刘芳磊,18960707259,440305199712042556,user343@test49.com,北京市某区某路10号
陈霞敏,18483892122,510107198712037105,user344@test22.com,广州市某区某路117号
朱艳娟,18997335002,510107200007213732,user345@test8.com,广州市某区某路713号
李敏秀,19734313309,510107199803207221,user346@test50.com,杭州市某区某路627号
张英涛,19221265692,510107199801035286,user347@test42.com,杭州市某区某路13号
何秀秀,15819239897,440305200309232560,user348@test28.com,深圳市某区某路494号
马霞艳,15987380851,330102197301213571,user349@test33.com,南京市某区某路873号
郭敏娜,19444277942,320106199105029305,user350@test15.com,武汉市某区某路413号
黄娜娟,19960347752,330102199802289166,user351@test29.com,杭州市某区某路122号
郭霞伟,13533190034,510107197209181002,user352@test6.com,成都市某区某路912号
何超静,19465989408,440305197304288445,user353@test22.com,南京市某区某路734号
马娟秀,13915313588,320106197006125783,user354@test36.com,杭州市某区某路719号
赵芳敏,19250806165,510107197605204209,user355@test13.com,上海市某区某路953号
朱静娟,15869645166,440305197607023018,user356@test50.com,南京市某区某路469号
罗明英,19104657489,330102197309148912,user357@test33.com,广州市某区某路709号
罗敏英,13515973568,330102199009137859,user358@test39.com,深圳市某区某路281号
朱洋磊,19964144020,320106197807209393,user359@test20.com,杭州市某区某路729号
高霞静,15325177291,330102198811123173,user360@test46.com,广州市某区某路516号
高霞洋,13916875967,440305200508197839,user361@test44.com,成都市某区某路899号
胡伟明,13127135757,510107197901221927,user362@test13.com,成都市某区某路769号
刘磊强,15166607238,440305198309026876,user363@test29.com,上海市某区某路631号
高丽霞,19355116198,330102198812221769,user364@test25.com,武汉市某区某路427号
孙超芳,13898509546,440305198210288259,user365@test15.com,杭州市某区某路774号
罗超兰,15933381221,320106198808062220,user366@test12.com,广州市某区某路753号
何秀艳,13560106760,440305200505053636,user367@test38.com,成都市某区某路6号
孙娟英,13265037749,440305197311205934,user368@test32.com,杭州市某区某路75号
孙明丽,15658996745,110101200203149897,user369@test35.com,武汉市某区某路95号
马丽静,18455479984,440305198804259691,user370@test31.com,北京市某区某路118号
马娟丽,15142817871,440305199402135203,user371@test35.com,成都市某区某路26号
何勇明,19622702576,110101198811076248,user372@test33.com,上海市某区某路971号
赵敏超,13773164268,110101198311214492,user373@test44.com,武汉市某区某路856号
赵静超,19794239754,110101197901156434,user374@test3.com,上海市某区某路76号
李敏强,13717361056,320106198607138391,user375@test41.com,武汉市某区某路444号
孙伟艳,13674274037,110101197412191745,user376@test45.com,上海市某区某路367号
何秀磊,18751295118,110101198808137473,user377@test43.com,北京市某区某路486号
刘超丽,15901820909,510107200405213360,user378@test20.com,杭州市某区某路981号
张超超,15232322744,110101197010207456,user379@test35.com,上海市某区某路313号
杨勇静,19793563667,330102197903064617,user380@test40.com,成都市某区某路199号
赵敏秀,13906425007,330102199911182198,user381@test19.com,上海市某区某路257号
赵静秀,19455248480,440305197811214842,user382@test7.com,成都市某区某路635号
王静洋,19583877436,440305198912193496,user383@test37.com,杭州市某区某路828号
孙杰敏,13436311814,320106198412248145,user384@test18.com,杭州市某区某路138号
孙涛娟,19485195859,440305200109043879,user385@test42.com,上海市某区某路862号
周英超,15382646055,110101197401289309,user386@test41.com,北京市某区某路833号
罗秀艳,15139359410,330102198609188734,user387@test42.com,广州市某区某路375号
朱丽秀,18243753906,510107200209037500,user388@test24.com,北京市某区某路679号
黄兰敏,15579125557,320106198110193395,user389@test48.com,南京市某区某路962号
马芳丽,19348839570,110101198606081701,user390@test43.com,深圳市某区某路531号
马艳涛,19149861842,110101199002239542,user391@test41.com,成都市某区某路855号
周秀超,15504435133,510107199310212275,user392@test34.com,成都市某区某路386号
黄明艳,18977501292,440305200108201108,user393@test33.com,广州市某区某路451号
刘丽娜,18327114760,320106198103122938,user394@test43.com,深圳市某区某路425号
孙秀涛,19614345062,320106198011277732,user395@test2.com,深圳市某区某路45号
陈秀秀,15244658840,330102197210051916,user396@test11.com,成都市某区某路945号
刘明艳,13872608028,440305197504158723,user397@test31.com,广州市某区某路225号
胡兰英,15769168506,330102198603246614,user398@test30.com,上海市某区某路236号
朱艳英,13117783990,320106200309227877,user399@test10.com,上海市某区某路182号
郭兰兰,13941672107,330102200202038901,user400@test43.com,广州市某区某路924号
高伟霞,19660540722,510107199301239680,user401@test28.com,深圳市某区某路961号
郭艳勇,13556865760,320106198608254809,user402@test6.com,成都市某区某路613号
高杰强,15105872776,110101200302171117,user403@test25.com,深圳市某区某路705号
孙杰勇,13266192234,510107198605289783,user404@test28.com,杭州市某区某路627号
周艳静,19692818173,330102200003128925,user405@test17.com,成都市某区某路592号
马艳英,13902959376,320106199812062642,user406@test14.com,武汉市某区某路805号
孙超兰,13272591127,510107197002273381,user407@test31.com,武汉市某区某路91号
王强丽,18185942015,330102197212137564,user408@test40.com,成都市某区某路729号
李敏霞,19571342650,110101198211269489,user409@test19.com,深圳市某区某路35号
何明丽,15823728171,110101199304211004,user410@test11.com,上海市某区某路283号
朱勇艳,19729298787,320106200301242124,user411@test6.com,成都市某区某路744号
高秀勇,18975652436,440305198410078450,user412@test26.com,北京市某区某路268号
刘杰明,13699825163,110101200205112917,user413@test33.com,成都市某区某路898号
高秀强,19504886868,330102200004256565,user414@test50.com,南京市某区某路698号
林秀伟,19224842139,440305197407214610,user415@test44.com,深圳市某区某路820号
孙杰勇,13852498189,440305198505037536,user416@test44.com,杭州市某区某路78号
高敏涛,18479608458,320106198703244115,user417@test32.com,深圳市某区某路241号
黄强静,15317718930,320106199203252747,user418@test8.com,上海市某区某路693号
郭兰伟,13617857180,440305199008195501,user419@test32.com,广州市某区某路783号
何强艳,15905488247,330102197801177933,user420@test31.com,北京市某区某路515号
马艳敏,19229244346,330102199906231137,user421@test1.com,深圳市某区某路389号
罗秀洋,18757965465,440305198109094885,user422@test18.com,南京市某区某路982号
孙勇敏,19555205201,320106199612257099,user423@test24.com,武汉市某区某路287号
林敏秀,15718360105,320106197612094863,user424@test36.com,武汉市某区某路877号
朱静英,15607865951,110101198107163203,user425@test41.com,杭州市某区某路805号
郭磊强,13527780790,110101198001075166,user426@test31.com,上海市某区某路461号
孙强勇,18701671267,330102198606017746,user427@test8.com,杭州市某区某路889号
杨秀秀,15937850514,440305199206229363,user428@test32.com,南京市某区某路911号
王艳兰,18597950004,320106198011266527,user429@test27.com,武汉市某区某路870号
王娜敏,18345047145,440305199011105382,user430@test39.com,武汉市某区某路278号
林勇秀,19544517369,320106198101054844,user431@test43.com,成都市某区某路964号
王静敏,19210605413,110101197408181881,user432@test2.com,武汉市某区某路537号
王秀强,15190528528,510107198904085655,user433@test29.com,广州市某区某路135号
何敏伟,13812480457,440305199008159856,user434@test18.com,南京市某区某路139号
高敏秀,19777582116,330102199709219745,user435@test20.com,杭州市某区某路494号
高丽娜,19430570947,440305199605055973,user436@test1.com,北京市某区某路536号
陈勇磊,19674558056,110101200108101149,user437@test50.com,武汉市某区某路818号
吴兰丽,13688638365,440305198207188161,user438@test26.com,深圳市某区某路168号
朱艳丽,18185050803,510107198509255454,user439@test19.com,成都市某区某路423号
杨娜敏,15410950586,110101199910155458,user440@test45.com,南京市某区某路193号
孙伟英,13674420474,110101198102105410,user441@test9.com,南京市某区某路745号
张丽娜,15115810687,510107198306146104,user442@test32.com,杭州市某区某路475号
李洋娜,15160170716,440305199502188702,user443@test12.com,深圳市某区某路918号
周艳伟,13924790131,320106199408081549,user444@test13.com,南京市某区某路753号
赵明静,19517817593,440305199003211691,user445@test48.com,上海市某区某路260号
郭霞磊,15487005172,110101198302088113,user446@test21.com,北京市某区某路172号
周秀秀,19947336680,320106197001198786,user447@test45.com,广州市某区某路381号
王丽敏,19198141669,330102199111021979,user448@test23.com,广州市某区某路719号
高秀英,19349832483,440305200511256690,user449@test29.com,深圳市某区某路22号
朱勇英,18142400500,510107199809109892,user450@test45.com,南京市某区某路195号
罗敏超,18447549695,510107198710283627,user451@test5.com,广州市某区某路461号
吴强超,18587563596,110101200207244039,user452@test2.com,杭州市某区某路795号
黄洋娜,19303870775,330102200109055638,user453@test21.com,武汉市某区某路657号
孙秀秀,13147005473,320106198101072753,user454@test32.com,深圳市某区某路102号
李秀霞,19806437569,510107200310235193,user455@test4.com,杭州市某区某路227号
王伟静,19993436624,110101199911026913,user456@test36.com,武汉市某区某路842号
马芳兰,18668031793,110101197405034537,user457@test34.com,上海市某区某路104号
黄超艳,15307360430,330102198510213931,user458@test36.com,武汉市某区某路765号
赵霞秀,18824230874,510107199702063955,user459@test36.com,武汉市某区某路517号
孙敏超,19478305093,440305200506287090,user460@test27.com,武汉市某区某路846号
孙兰丽,15502720908,330102198606158331,user461@test26.com,北京市某区某路744号
李磊兰,13655778818,320106198901104635,user462@test14.com,杭州市某区某路23号
周超明,15201240032,110101199906053267,user463@test17.com,杭州市某区某路911号
罗丽丽,18970884334,440305197510134562,user464@test47.com,上海市某区某路741号
孙涛敏,19986594254,330102197610215921,user465@test3.com,武汉市某区某路81号
李洋勇,19547236783,110101198412211187,user466@test41.com,武汉市某区某路56号
吴明芳,18679745130,330102197906174617,user467@test10.com,北京市某区某路690号
朱娟兰,13338462628,510107198807053165,user468@test22.com,上海市某区某路488号
罗芳超,19381919481,110101199509143136,user469@test49.com,广州市某区某路493号
高静涛,19800346424,330102198209209589,user470@test16.com,深圳市某区某路74号
周杰洋,13220828027,510107199706124120,user471@test21.com,杭州市某区某路609号
张磊敏,18761662253,510107197908024825,user472@test13.com,杭州市某区某路160号
王秀芳,15766796289,320106198801112823,user473@test20.com,南京市某区某路483号
张洋静,15318830034,330102200305188913,user474@test40.com,广州市某区某路712号
张艳秀,13374294163,320106197305075444,user475@test4.com,南京市某区某路671号
张娜艳,18811871111,440305197601107332,user476@test15.com,武汉市某区某路521号
赵洋涛,13300164147,320106200208181352,user477@test3.com,深圳市某区某路945号
何磊洋,19522409833,320106197106226765,user478@test23.com,成都市某区某路242号
何强芳,18515721250,110101200505083485,user479@test22.com,武汉市某区某路673号
陈娜艳,15548108259,320106197907106395,user480@test29.com,广州市某区某路212号
陈秀超,15248294102,440305200303143378,user481@test42.com,广州市某区某路326号
王超超,13297713683,440305197912016221,user482@test27.com,武汉市某区某路311号
林霞强,15936560721,320106197603061429,user483@test49.com,成都市某区某路621号
罗兰丽,15347940275,110101199202238808,user484@test9.com,南京市某区某路730号
马敏艳,19608789262,320106198004081528,user485@test27.com,北京市某区某路948号
周杰丽,15913656416,320106197403159027,user486@test45.com,杭州市某区某路888号
林丽杰,19933454210,110101199412117457,user487@test40.com,北京市某区某路534号
赵娟娟,13363841612,330102200407241643,user488@test36.com,武汉市某区某路529号
李静磊,19527392079,440305198808067921,user489@test19.com,北京市某区某路707号
何英娟,19197110078,330102197703259952,user490@test9.com,武汉市某区某路424号
孙娟伟,15587135978,330102198208035097,user491@test21.com,广州市某区某路736号
赵娜秀,19780830076,440305197509237292,user492@test47.com,广州市某区某路388号
高艳芳,15459910894,330102197903283369,user493@test12.com,北京市某区某路430号
吴磊娟,18772648626,320106197703071057,user494@test40.com,成都市某区某路13号
林涛涛,13752817769,510107198504198794,user495@test30.com,武汉市某区某路453号
王兰兰,13362758762,330102198710214401,user496@test4.com,广州市某区某路152号
李霞勇,13256094585,110101198906031803,user497@test7.com,武汉市某区某路183号
刘磊兰,15588915267,330102199301035903,user498@test21.com,杭州市某区某路920号
朱娜杰,13414426733,510107197802235496,user499@test22.com,武汉市某区某路538号
